Item,Qty,Description,Acceptance
Midframe,1,White nonconductive print with separator and battery/PCB locators and internal perimeter wire corridor plus antenna cap floor,Support removal and fit trial required
Top cover,1,White nonconductive print with sleeve snap grooves and flush USB/button/LED access plus antenna cap roof,Retention cycles and creep and access gauges required
Bottom cover,1,White nonconductive print with sleeve snap grooves,No pouch preload; retention qualification required
PCB land films,4,0.2mm dielectric film; west0.7x2 and east0.9x2 contact areas,Measure coplanarity and abrasion
PCB adhesive or shim,4,0.2mm controlled nonconductive adhesive OR dielectric shim,Optional bonding; no glue on solder/pads/vias
Pack floor liner,1,21x31x0.2mm smooth dielectric film,No burrs or pouch seal pressure
Battery,1,Unqualified 30x20x3mm candidate; complete allowance31x21x4.3mm,Actual pack exit/swelling/protection/charging qualification required
Battery leads,2,Conditional OD<=1.2mm and R2 centreline bends; no gauge selected,Actual bend rating and polarity and pull/flex test required
Wire strain-relief adhesive,as qualified,Nonconductive compatible adhesive on vertical midframe land; bond process unqualified,No adhesive type or bond process approved
